track_name,count
Ode To The Mets,207
In the Blood,181
Dying Breed,166
Caution,164
19 Dias y 500 Noches - En Directo,148
For What It's Worth,146
All These Things That I've Done,142
Concerning Hobbits,142
Come Together - Remastered 2009,137
The Boxer,135
Yesterday - Remastered 2009,134
Crucify Your Mind,131
Reminder,128
Cavalleria rusticana: Intermezzo,128
Mr. Brightside,128
Sweet Virginia,127
Nuovo Cinema Paradiso,127
I Guess I Just Feel Like,127
Imploding The Mirage,123
Claudia's Theme - Version Eight,123
You Sexy Thing,121
"The Road Goes Ever On..., Pt. 1",120
"The Return of the King (feat. Sir James Galway, Viggo Mortensen and Renee Fleming)",120
Bennie And The Jets - Remastered 2014,120
First Youth,119
Bones,119
"Baby, You're A Rich Man - Remastered 2009",119
Gianni Schicchi: O mio babbino caro,117
Bad Moon Rising,114
Wildfire,113
Closer,113
In My Life - Remastered 2009,113
The Ballad Of John And Yoko - Remastered 2009,113
Shelter from the Storm,112
Little Wing,112
The River,110
My Life,110
Married with Children - 2014 Remaster,109
All You Need Is Love - Remastered 2009,109
The Way You Look Tonight,108
Blowin' in the Wind,108
Did My Best,108
Epilogue,107
Samba Pa Ti,107
Once Upon a Time in the West - Main Theme,106
When You Were Young,105
Gravity,105
For No One - Remastered 2009,105
I Will - Remastered 2009,105
Strawberry Fields Forever - Remastered 2009,104
